,city,country,lat,lon,temp,temp_max,humidity,wind_speed,cloudiness,date
0,Rønne,DK,55.1009,14.7066,33.8,33.8,100,3.44,90,1611617915
1,Te Anau,NZ,-45.4167,167.7167,68.74,68.74,62,10.89,99,1611617915
2,Vaini,TO,-21.2,-175.2,82.4,82.4,83,9.22,75,1611617915
3,Khatanga,RU,71.9667,102.5,-19.19,-19.19,87,8.7,100,1611617916
4,Hilo,US,19.7297,-155.09,69.57,73.4,88,4.61,90,1611617910
5,Kapaa,US,22.0752,-159.319,74.88,75.99,100,21.85,90,1611617916
6,Comodoro Rivadavia,AR,-45.8667,-67.5,68.0,68.0,22,20.71,20,1611617916
7,Praia da Vitória,PT,38.7333,-27.0667,64.83,66.2,88,16.31,75,1611617916
8,Mataura,NZ,-46.1927,168.8643,80.01,80.01,47,21.99,99,1611617917
9,Nerchinskiy Zavod,RU,51.3088,119.61,-12.12,-12.12,88,7.31,100,1611617917
10,Puerto Ayora,EC,-0.7393,-90.3518,78.93,80.6,74,14.97,75,1611617917
11,Saint-Philippe,RE,-21.3585,55.7679,70.21,77.0,78,5.75,0,1611617917
12,Fort Nelson,CA,58.8053,-122.7002,-2.2,-2.2,71,2.3,75,1611617917
13,Mahébourg,MU,-20.4081,57.7,71.6,71.6,94,6.91,20,1611617918
14,Kirakira,SB,-10.4544,161.9205,86.14,86.14,66,12.77,68,1611617918
15,Turan,VN,16.0678,108.2208,68.0,68.0,88,6.82,20,1611617918
16,Rikitea,PF,-23.1203,-134.9692,79.83,79.83,71,14.05,1,1611617918
17,Port Hardy,CA,50.6996,-127.4199,39.2,39.2,75,6.91,75,1611617918
18,Whitecourt,CA,54.1502,-115.6855,-0.4,-0.4,71,10.36,90,1611617919
19,Eirunepé,BR,-6.6603,-69.8736,77.13,77.13,78,2.77,86,1611617900
20,Hobart,AU,-42.8794,147.3294,67.28,70.0,55,12.66,40,1611617813
21,Yarmouth,US,41.7057,-70.2286,32.56,35.01,34,4.61,1,1611617919
22,Pangnirtung,CA,66.1451,-65.7125,6.8,6.8,78,2.89,1,1611617919
23,Chacabuco,AR,-34.6417,-60.4739,90.0,90.0,69,4.0,15,1611617919
24,Upernavik,GL,72.7868,-56.1549,4.91,4.91,80,4.83,0,1611617920
25,Waingapu,ID,-9.6567,120.2641,81.7,81.7,74,10.42,97,1611617920
26,Bengkulu,ID,-3.8004,102.2655,73.11,73.11,93,7.02,100,1611617920
27,Ushuaia,AR,-54.8,-68.3,50.0,50.0,46,17.27,40,1611617920
28,Launceston,AU,-41.45,147.1667,70.25,72.0,73,1.14,75,1611617921
29,Kaitangata,NZ,-46.2817,169.8464,77.07,77.07,43,15.61,100,1611617921
30,Sambava,MG,-14.2667,50.1667,77.05,77.05,87,2.51,87,1611617921
31,Agua Verde,MX,22.9,-106.05,71.15,73.4,46,9.22,20,1611617921
32,Barrow,US,71.2906,-156.7887,-5.8,-5.8,77,11.5,1,1611617921
33,Marsá Maţrūḩ,EG,31.3525,27.2453,53.6,53.6,47,11.5,0,1611617839
34,Provideniya,RU,64.3833,-173.3,3.2,3.2,72,17.9,90,1611617922
35,Villa Unión,MX,23.2,-106.2333,71.37,73.4,46,9.22,20,1611617922
36,Kruisfontein,ZA,-34.0033,24.7314,64.0,64.0,88,2.8,0,1611617922
37,Homer,US,59.6425,-151.5483,31.87,33.8,75,3.44,1,1611617923
38,Yellowknife,CA,62.456,-114.3525,-20.43,-20.0,69,9.22,75,1611617923
39,Tibiri,NE,13.5627,7.0485,65.84,65.84,21,10.36,71,1611617923
40,Port Hedland,AU,-20.3167,118.5667,78.8,78.8,73,8.05,93,1611617923
41,Rumuruti,KE,0.267,36.5389,56.32,56.32,90,7.05,100,1611617923
42,Butaritari,KI,3.0707,172.7902,79.57,79.57,77,6.51,95,1611617923
43,Itoman,JP,26.1247,127.6694,64.4,64.4,94,1.14,40,1611617639
44,Punta Arenas,CL,-53.15,-70.9167,46.2,46.4,49,33.38,0,1611617719
45,Northam,GB,51.0333,-4.2167,38.98,39.99,78,3.0,53,1611617924
46,Opportunity,US,47.6499,-117.2399,31.5,33.01,86,0.76,90,1611617924
47,Kondinskoye,RU,59.6481,67.41,-3.19,-3.19,92,8.93,100,1611617924
48,Kabanjahe,ID,3.1001,98.4908,75.2,75.2,100,3.44,40,1611617925
49,Mangai,CD,-4.05,19.5333,66.6,66.6,96,0.76,97,1611617925
50,Dunedin,NZ,-45.8742,170.5036,70.0,70.0,66,3.0,100,1611617837
51,Sinnamary,GF,5.3833,-52.95,77.14,77.14,87,12.19,50,1611617925
52,Arman',RU,59.7,150.1667,-8.36,-8.36,79,11.95,100,1611617925
53,Necochea,AR,-38.5473,-58.7368,66.99,66.99,74,18.32,10,1611617926
54,Severka,RU,56.8688,60.3015,30.2,30.2,86,11.18,0,1611617926
55,Jamestown,US,42.097,-79.2353,30.2,30.2,64,5.75,1,1611617926
56,Talnakh,RU,69.4865,88.3972,-30.35,-30.35,82,9.73,100,1611617926
57,Buala,SB,-8.145,159.5921,86.16,86.16,61,8.79,92,1611617927
58,Cape Town,ZA,-33.9258,18.4232,66.87,68.0,82,18.41,0,1611617927
59,Ixtapa,MX,20.7,-105.2,74.1,75.2,69,9.22,90,1611617927
60,Vestmannaeyjar,IS,63.4427,-20.2734,33.91,33.91,87,36.57,100,1611617927
61,Bambous Virieux,MU,-20.3428,57.7575,73.2,75.0,94,6.91,20,1611617928
62,Saldanha,ZA,-33.0117,17.9442,62.6,62.6,88,11.5,0,1611617928
63,Tiarei,PF,-17.5333,-149.3333,86.9,87.8,58,6.91,40,1611617928
64,Codrington,AU,-38.2667,141.9667,62.56,62.56,76,15.08,97,1611617928
65,Albany,US,42.6001,-73.9662,24.1,26.01,59,1.63,59,1611617929
66,Iqaluit,CA,63.7506,-68.5145,-5.8,-5.8,84,10.2,1,1611617929
67,Alofi,NU,-19.0595,-169.9187,82.4,82.4,73,10.36,90,1611617929
68,Wajir,KE,1.7471,40.0573,74.32,74.32,69,16.8,2,1611617929
69,Ozernovskiy,RU,51.5,156.5167,11.34,11.34,92,6.82,24,1611617929
70,Port Alfred,ZA,-33.5906,26.891,68.86,68.86,81,18.66,2,1611617930
71,George Town,MY,5.4112,100.3354,77.65,78.8,88,5.95,20,1611617678
72,Coyhaique,CL,-45.5752,-72.0662,51.8,51.8,50,6.91,75,1611617930
73,Ilulissat,GL,69.2167,-51.1,5.0,5.0,61,8.05,0,1611617930
74,Chute-aux-Outardes,CA,49.1168,-68.399,32.0,32.0,74,6.91,90,1611617930
75,Tuktoyaktuk,CA,69.4541,-133.0374,-4.0,-4.0,84,9.22,90,1611617930
76,Beitbridge,ZW,-22.2167,30.0,73.96,73.96,81,14.29,99,1611617931
77,Port Lincoln,AU,-34.7333,135.8667,62.56,62.56,67,11.16,95,1611617931
78,Milford,US,41.2223,-73.0565,31.78,33.8,37,5.75,1,1611617931
79,Denpasar,ID,-8.65,115.2167,78.8,78.8,83,5.75,40,1611617931
80,Lebu,CL,-37.6167,-73.65,57.96,57.96,84,14.47,0,1611617931
81,Busselton,AU,-33.65,115.3333,63.0,63.0,82,5.99,32,1611617932
82,Río Gallegos,AR,-51.6226,-69.2181,53.6,53.6,32,31.07,75,1611617932
83,Liverpool,GB,53.4106,-2.9779,35.51,37.0,80,5.75,51,1611617727
84,Bluff,NZ,-46.6,168.3333,80.01,80.01,47,21.99,100,1611617932
85,Carnarvon,AU,-24.8667,113.6333,73.4,73.4,68,14.97,75,1611617932
86,Puerto Ayacucho,VE,5.6639,-67.6236,81.84,81.84,61,9.24,88,1611617933
87,Lima,PE,-12.0432,-77.0282,75.09,75.2,69,10.36,0,1611617880
88,Faanui,PF,-16.4833,-151.75,81.14,81.14,76,17.9,46,1611617933
89,Maltahöhe,NA,-24.8333,16.9833,77.4,77.4,34,4.23,85,1611617933
90,Castro,BR,-24.7911,-50.0119,64.62,64.62,95,3.69,100,1611617933
91,São Luiz Gonzaga,BR,-28.4083,-54.9608,73.31,73.31,91,7.34,41,1611617934
92,Ancud,CL,-41.8697,-73.8203,60.8,60.8,44,9.22,0,1611617934
93,Broome,US,42.2506,-75.833,23.81,25.0,58,2.75,1,1611617934
94,Hayvoron,UA,48.3396,29.8679,35.35,35.35,85,21.85,100,1611617934
95,Tasiilaq,GL,65.6145,-37.6368,8.6,8.6,61,13.8,20,1611617934
96,Klaksvík,FO,62.2266,-6.589,28.4,28.4,74,11.43,38,1611617935
97,Shumyachi,RU,53.8583,32.4242,37.99,37.99,92,16.49,100,1611617935
98,Mayo,US,38.8876,-76.5119,34.99,37.0,51,4.61,90,1611617935
99,Terney,RU,45.0503,136.6092,23.0,23.0,95,4.45,100,1611617935
100,Bredasdorp,ZA,-34.5322,20.0403,60.8,60.8,88,4.61,2,1611617935
101,Álamos,MX,27.0167,-108.9333,64.0,64.0,59,4.0,0,1611617936
102,Murray Bridge,AU,-35.1167,139.2667,60.03,61.0,100,3.0,100,1611617936
103,Hermanus,ZA,-34.4187,19.2345,62.01,62.01,87,7.45,0,1611617936
104,São Filipe,CV,14.8961,-24.4956,72.73,72.73,67,3.83,56,1611617936
105,Taseyevo,RU,57.2169,94.8978,-28.95,-28.95,84,1.9,100,1611617936
106,Bima,ID,-8.4667,118.7167,81.03,81.03,78,1.61,96,1611617937
107,Asău,RO,46.4333,26.4,38.07,39.2,56,6.91,0,1611617937
108,La Libertad,EC,-2.2333,-80.9,80.6,80.6,78,5.75,40,1611617937
109,Siilinjärvi,FI,63.0833,27.6667,33.8,33.8,93,4.61,90,1611617938
110,Avarua,CK,-21.2078,-159.775,86.0,86.0,70,14.97,40,1611617938
111,Praia,CV,14.9215,-23.5087,69.8,69.8,78,9.22,0,1611617938
112,Takaungu,KE,-3.6837,39.8566,76.75,76.75,87,7.76,66,1611617938
113,Mar del Plata,AR,-38.0023,-57.5575,77.54,78.8,78,11.5,20,1611617939
114,Kavieng,PG,-2.5744,150.7967,84.85,84.85,66,4.38,74,1611617939
115,Bairiki Village,KI,1.3292,172.9752,82.4,82.4,74,8.05,20,1611617939
116,New Norfolk,AU,-42.7826,147.0587,66.65,66.99,41,5.99,42,1611617939
117,Burgeo,CA,47.6167,-57.6152,31.69,31.69,94,14.61,80,1611617939
118,Atuona,PF,-9.8,-139.0333,78.84,78.84,76,19.01,19,1611617940
119,Chokurdakh,RU,70.6333,147.9167,-40.72,-40.72,78,4.83,91,1611617940
120,Carrefour,HT,18.5411,-72.3992,82.4,82.4,65,4.61,40,1611617940
121,Nanortalik,GL,60.1432,-45.2371,20.73,20.73,88,10.92,2,1611617940
122,Plettenberg Bay,ZA,-34.0527,23.3716,68.05,68.05,76,2.35,0,1611617940
123,Arona,ES,28.0996,-16.681,61.03,66.99,72,17.27,20,1611617941
124,Hong Kong,HK,22.2855,114.1577,62.42,64.99,81,9.71,7,1611617941
125,Tilichiki,RU,60.4667,166.1,1.4,1.4,91,10.85,100,1611617941
126,Saskylakh,RU,71.9167,114.0833,-33.5,-33.5,82,4.38,16,1611617942
127,Katsuura,JP,35.1333,140.3,42.71,44.01,75,6.91,40,1611617942
128,Vestmanna,FO,62.1564,-7.1664,28.4,28.4,74,8.79,42,1611617942
129,Ailigandí,PA,9.2333,-78.0167,78.57,78.57,82,9.55,74,1611617943
130,Chui,UY,-33.6971,-53.4616,74.01,74.01,85,10.38,3,1611617943
131,Fortuna,US,40.5982,-124.1573,44.22,46.0,87,8.05,40,1611617943
132,Vardø,NO,70.3705,31.1107,27.5,28.4,80,10.36,75,1611617943
133,Abu Samrah,SY,35.3029,37.1841,40.48,40.48,70,1.77,0,1611617944
134,San Borja,BO,-14.8167,-66.85,80.6,80.6,83,2.26,96,1611617944
135,Chul'man,RU,56.8479,124.9104,-22.94,-22.94,83,3.96,100,1611617944
136,Bristol,US,41.8334,-71.1662,27.64,28.99,39,3.44,1,1611617911
137,Clyde River,CA,70.4692,-68.5914,8.6,8.6,92,33.38,1,1611617944
138,Yichun,CN,47.7,128.9,0.14,0.14,94,2.91,91,1611617945
139,Rawson,AR,-43.3002,-65.1023,68.36,68.36,52,20.29,0,1611617945
140,San Quintín,MX,30.4833,-115.95,54.18,54.18,60,33.02,82,1611617945
141,Hofn,IS,64.2539,-15.2082,23.76,23.76,89,17.54,67,1611617945
142,Brookhaven,US,31.5791,-90.4407,72.0,73.0,84,9.42,100,1611617946
143,Esperance,AU,-33.8667,121.9,62.6,62.6,77,5.75,75,1611617946
144,Kahului,US,20.8947,-156.47,74.19,80.6,61,18.41,75,1611617946
145,Bethel,US,41.3712,-73.414,28.53,30.2,43,3.29,1,1611617946
146,Jacmel,HT,18.2342,-72.5347,82.4,82.4,65,4.61,40,1611617947
147,Barcelos,PT,41.5388,-8.6151,55.0,57.2,100,4.65,90,1611617668
148,Manzhouli,CN,49.6,117.4333,-9.67,-9.67,88,13.73,35,1611617947
149,Mujiayingzi,CN,42.1167,118.7833,9.32,9.32,85,7.81,0,1611617948
150,Muros,ES,42.7762,-9.0603,56.03,57.0,94,8.14,100,1611617948
151,Boca do Acre,BR,-8.7522,-67.3978,76.6,76.6,85,0.72,60,1611617948
152,Nogliki,RU,51.8333,143.1667,-13.45,-13.45,81,3.87,70,1611617948
153,Cabo San Lucas,MX,22.8909,-109.9124,65.97,68.0,55,18.41,1,1611617949
154,Korčula,HR,42.9622,17.1369,37.2,37.4,93,3.44,90,1611617949
155,Lavrentiya,RU,65.5833,-171.0,-2.04,-2.04,86,4.97,72,1611617949
156,Chicama,PE,-7.8447,-79.1469,71.6,71.6,88,10.36,40,1611617949
157,Thompson,CA,55.7435,-97.8558,-9.4,-9.4,77,3.44,75,1611617949
158,Longyearbyen,SJ,78.2186,15.6401,12.2,12.2,67,20.71,0,1611617950
159,Datong,CN,40.0936,113.2914,18.79,18.79,72,5.5,6,1611617950
160,Iwata,JP,34.7,137.85,45.7,46.0,57,4.61,75,1611617950
161,Newburn,GB,54.9876,-1.7442,32.92,34.0,86,6.91,53,1611617950
162,Norman Wells,CA,65.282,-126.8329,-11.2,-11.2,77,4.61,75,1611617952
163,Korla,CN,41.7597,86.1469,17.51,17.51,85,0.34,1,1611617952
164,Vila Franca do Campo,PT,37.7167,-25.4333,62.82,63.0,94,12.66,75,1611617952
165,Itarema,BR,-2.9248,-39.9167,79.84,79.84,81,11.48,82,1611617952
166,Roald,NO,62.5833,6.1333,31.14,33.8,93,8.05,90,1611617952
167,Kangaatsiaq,GL,68.3065,-53.4641,5.79,5.79,85,6.93,30,1611617953
168,Ponta do Sol,PT,32.6667,-17.1,55.58,60.01,80,1.01,25,1611617953
169,Muscat,OM,23.6139,58.5922,62.6,62.6,77,4.61,1,1611617953
170,Surenavan,AM,39.75,44.8,10.4,10.4,85,1.14,37,1611617953
171,Broken Hill,AU,-31.95,141.4333,75.2,75.2,88,2.3,90,1611617953
172,Saint George,US,37.1041,-113.5841,37.74,37.99,87,9.22,90,1611617954
173,Pevek,RU,69.7008,170.3133,-27.63,-27.63,86,5.57,98,1611617954
174,Jacareacanga,BR,-6.2222,-57.7528,74.97,74.97,96,2.35,86,1611617954
175,Malanje,AO,-9.5402,16.341,63.5,63.5,98,3.42,64,1611617955
176,Lakatoro,VU,-16.0999,167.4164,82.11,82.11,78,13.73,100,1611617955
177,Togur,RU,58.3631,82.8265,-47.78,-47.78,77,4.25,51,1611617955
178,Okhotsk,RU,59.3833,143.3,-22.81,-22.81,76,15.46,0,1611617955
179,Sisimiut,GL,66.9395,-53.6735,11.61,11.61,94,2.66,98,1611617956
180,Alyangula,AU,-13.8483,136.4192,84.2,84.2,74,9.22,98,1611617956
181,Zhetysay,KZ,40.7333,68.3,30.47,30.47,93,2.3,30,1611617956
182,Victor Harbor,AU,-35.5667,138.6167,66.0,66.0,78,3.0,98,1611617957
183,Atar,MR,20.5169,-13.0499,68.95,68.95,19,9.78,0,1611617957
184,Ribeira Grande,PT,38.5167,-28.7,62.13,62.13,89,20.71,100,1611617957
185,Henties Bay,NA,-22.116,14.2845,69.01,69.01,88,7.25,89,1611617957
186,Rassvet,RU,46.8333,40.75,33.3,33.3,90,13.76,94,1611617957
187,Acapulco de Juárez,MX,16.8634,-99.8901,82.4,82.4,78,6.91,20,1611617845
188,Dinar,TR,38.065,30.1656,44.6,44.6,87,6.91,75,1611617958
189,Novo Aripuanã,BR,-5.1206,-60.3797,74.62,74.62,97,2.66,56,1611617958
190,Lüderitz,NA,-26.6481,15.1594,67.41,67.41,69,22.57,51,1611617958
191,Severo-Yeniseyskiy,RU,60.3725,93.0408,-47.13,-47.13,79,0.25,38,1611617682
192,Novoagansk,RU,61.9449,76.6625,-35.21,-35.21,81,13.15,89,1611617959
193,Dalnerechensk,RU,45.9339,133.7225,20.23,20.23,98,6.53,100,1611617959
194,Pavlovskiy,RU,57.8424,54.8436,27.77,27.77,97,12.33,100,1611617959
195,Saint Paul Harbor,US,57.79,-152.4072,39.2,39.2,65,5.75,75,1611617959
196,Vila Velha,BR,-20.3297,-40.2925,78.91,79.0,78,8.05,40,1611617960
197,Upata,VE,8.0086,-62.3989,78.01,78.01,76,4.0,75,1611617960
198,East London,ZA,-33.0153,27.9116,70.54,70.54,76,20.0,37,1611617960
199,Celestún,MX,20.8667,-90.4,78.49,78.49,73,4.63,74,1611617960
200,Lufilufi,WS,-13.8745,-171.5986,78.39,78.8,89,18.41,90,1611617960
201,Nioki,CD,-2.7167,17.6833,69.76,69.76,96,1.63,87,1611617904
202,Vao,NC,-22.6667,167.4833,76.57,76.57,76,20.76,68,1611617961
203,Moerai,PF,-22.4333,-151.3333,81.54,81.54,75,16.84,0,1611617961
204,Shāhgarh,IN,24.3167,79.1333,49.69,49.69,73,4.5,0,1611617961
205,Arraial do Cabo,BR,-22.9661,-42.0278,78.8,78.8,78,21.85,20,1611617961
206,Hithadhoo,MV,-0.6,73.0833,81.23,81.23,73,2.93,91,1611617962
207,Uvira,CD,-3.4067,29.1458,71.42,71.42,64,1.5,86,1611617962
208,Mossamedes,AO,-15.1961,12.1522,75.34,75.34,76,5.64,14,1611617962
209,Teknāf,BD,20.8624,92.3058,62.26,62.26,51,9.26,0,1611617962
210,Aklavik,CA,68.2191,-135.0107,-7.6,-7.6,77,3.44,83,1611617962
211,Zyryanovsk,KZ,49.7386,84.2719,-4.41,-4.41,90,0.45,100,1611617963
212,Kayerkan,RU,69.3497,87.7602,-30.37,-30.37,83,3.51,100,1611617963
213,Nikolskoye,RU,59.7035,30.7861,36.21,37.0,93,6.71,90,1611617963
214,Darnah,LY,32.767,22.6367,59.88,59.88,63,7.0,100,1611617963
215,Gornozavodsk,RU,58.3758,58.3211,27.5,27.5,98,10.76,100,1611617963
216,The Valley,AI,18.217,-63.0578,76.46,78.01,83,4.61,40,1611617964
217,Grinnell,US,41.743,-92.7224,24.33,26.6,86,23.02,90,1611617964
218,Geraldton,AU,-28.7667,114.6,70.45,70.45,69,15.17,71,1611617964
219,Airai,TL,-8.9266,125.4092,65.59,65.59,99,3.22,98,1611617964
220,Namatanai,PG,-3.6667,152.4333,85.46,85.46,65,4.16,68,1611617964
221,Laguna,US,38.421,-121.4238,52.95,54.0,32,11.5,1,1611617965
222,Baturaja,ID,-4.1333,104.1667,73.02,73.02,95,2.55,100,1611617965
223,Boqueirão,BR,-7.5,-36.1333,75.2,75.2,78,17.27,0,1611617965
224,Malpe,IN,13.35,74.7167,73.4,73.4,88,3.31,20,1611617965
225,Meulaboh,ID,4.1363,96.1285,75.67,75.67,85,4.23,90,1611617966
226,Labuhan,ID,-6.8844,112.2051,78.3,78.3,84,5.79,100,1611617966
227,Muleba,TZ,-1.8397,31.6544,66.76,66.76,82,8.21,59,1611617966
228,Coahuayana Viejo,MX,18.7333,-103.6833,78.8,78.8,65,5.75,75,1611617966
229,Jiexiu,CN,37.0244,111.9125,31.37,31.37,69,5.32,0,1611617768
230,Gazimurskiy Zavod,RU,51.5461,118.3266,-14.37,-14.37,85,8.03,100,1611617967
231,Bangkal,PH,6.0667,121.0667,80.85,80.85,79,2.62,82,1611617967
232,Manggar,ID,-2.8833,108.2667,79.03,79.03,83,4.7,96,1611617967
233,Ahipara,NZ,-35.1667,173.1667,74.1,74.1,62,7.78,50,1611617967
234,Laela,TZ,-8.5667,32.05,59.02,59.02,96,2.73,100,1611617967
235,Shahreza,IR,32.0339,51.8794,33.66,33.66,72,2.26,0,1611617968
236,Monrovia,LR,6.3005,-10.7969,75.2,75.2,100,7.11,20,1611617968
237,Fukuechō,JP,32.6881,128.8419,59.0,59.0,82,10.36,75,1611617968
238,Haines Junction,CA,60.7522,-137.5108,6.8,6.8,85,0.56,99,1611617968
239,Santa Fe,AR,-31.6333,-60.7,78.49,79.0,70,7.0,54,1611617968
240,Wanning,CN,18.8003,110.3967,70.0,70.0,87,7.47,92,1611617968
241,Shimoda,JP,34.6667,138.95,47.84,51.8,71,14.97,75,1611617969
242,Palmer,US,42.1584,-72.3287,27.07,32.0,34,4.59,20,1611617670
243,Qaanaaq,GL,77.484,-69.3632,6.48,6.48,63,7.25,0,1611617969
244,Pitimbu,BR,-7.4706,-34.8086,78.8,78.8,83,9.22,0,1611617969
245,Yar-Sale,RU,66.8333,70.8333,-18.58,-18.58,87,11.56,100,1611617970
246,Tuatapere,NZ,-46.1333,167.6833,80.01,80.01,47,21.99,100,1611617970
247,Lagos,NG,6.5833,3.75,77.74,77.74,81,2.73,37,1611617935
248,Itaituba,BR,-4.2761,-55.9836,80.6,80.6,83,5.75,40,1611617970
249,Lázaro Cárdenas,MX,17.9583,-102.2,77.74,77.74,77,9.33,9,1611617970
250,Dāmghān,IR,36.1683,54.348,30.94,30.94,78,1.12,0,1611617970
251,Mayor Pablo Lagerenza,PY,-19.9309,-60.7718,78.08,78.08,68,6.67,82,1611617971
252,Houma,US,29.5958,-90.7195,72.37,73.4,88,13.8,90,1611617900
253,Severo-Kuril'sk,RU,50.6789,156.125,20.73,20.73,93,21.23,92,1611617971
254,Daru,PG,-9.0763,143.2092,84.52,84.52,73,9.42,89,1611617972
255,Paita,PE,-5.0892,-81.1144,78.8,78.8,69,9.22,75,1611617972
256,Lovozero,RU,68.005,35.0117,14.11,14.11,96,5.86,100,1611617972
257,Dikson,RU,73.5069,80.5464,-24.52,-24.52,85,13.65,100,1611617972
258,Santa Rosa,PH,14.3122,121.1114,77.56,80.01,94,2.3,75,1611617972
259,Mugur-Aksy,RU,50.35,90.5,-12.84,-12.84,77,4.47,100,1611617973
260,Gaza,PS,31.5,34.4667,50.29,51.01,81,2.3,0,1611617973
261,Los Llanos de Aridane,ES,28.6585,-17.9182,59.94,66.2,68,6.91,90,1611617770
262,Orizona,BR,-17.0314,-48.2958,68.27,68.27,85,2.86,94,1611617973
263,Manzanillo,CU,20.3433,-77.1167,75.99,75.99,76,3.02,75,1611617973
264,Guane,CU,22.2025,-84.0875,72.75,72.75,86,7.11,89,1611617974
265,Payakumbuh,ID,-0.2202,100.6308,68.9,68.9,86,1.39,84,1611617974
266,Banda Aceh,ID,5.5577,95.3222,77.59,77.59,78,9.62,98,1611617974
267,Manuk Mangkaw,PH,4.8,119.85,81.01,81.01,79,8.14,100,1611617974
268,Lagoa,PT,39.05,-27.9833,61.75,61.75,90,17.47,100,1611617974
269,Autun,FR,46.95,4.3,30.56,30.99,93,3.44,75,1611617975
270,San Cristobal,VE,7.7669,-72.225,77.0,77.0,73,4.61,40,1611617755
271,Auki,SB,-8.7676,160.7034,84.63,84.63,63,8.23,94,1611617975
272,Caiapônia,BR,-16.9567,-51.8103,71.15,71.15,81,1.83,100,1611617975
273,Lorengau,PG,-2.0226,147.2712,84.76,84.76,63,5.28,93,1611617975
274,Slave Lake,CA,55.2834,-114.769,-0.4,-0.4,71,13.8,75,1611617976
275,Juneau,US,58.3019,-134.4197,24.21,28.4,93,3.44,75,1611617768
276,Berbera,SO,10.4396,45.0143,71.69,71.69,75,6.22,8,1611617976
277,At-Bashi,KG,41.1702,75.8106,2.46,2.46,71,0.51,80,1611617976
278,Mehamn,NO,71.0357,27.8492,28.54,28.54,97,27.49,100,1611617976
279,Tabuk,PH,17.4189,121.4443,73.51,73.51,89,5.03,95,1611617977
280,Cherskiy,RU,68.75,161.3,-36.65,-36.65,82,2.21,61,1611617977
281,Yarensk,RU,62.1675,49.0916,33.75,33.75,93,9.64,100,1611617977
282,Mrakovo,RU,52.7161,56.6244,20.75,20.75,97,6.22,99,1611617977
283,Sibu,MY,2.3,111.8167,75.07,75.2,100,1.12,40,1611617978
284,Chemal,RU,51.4111,86.005,5.07,5.07,87,2.35,100,1611617978
285,Kawalu,ID,-7.3817,108.2082,75.09,75.09,84,1.81,40,1611617978
286,Takoradze,GH,4.8845,-1.7554,78.4,78.4,81,5.75,0,1611617828
287,Buchanan,LR,5.8808,-10.0467,75.2,75.2,100,5.14,20,1611617979
288,Kyren,RU,51.6828,102.1408,-6.21,-6.21,84,0.4,100,1611617979
289,Husavik,IS,66.0449,-17.3389,23.0,23.0,86,8.05,75,1611617979
290,Narsaq,GL,60.9167,-46.05,26.6,26.6,26,28.77,38,1611617979
291,Tiksi,RU,71.6872,128.8694,-41.15,-41.15,79,6.78,92,1611617980
292,Saint-Joseph,RE,-21.3667,55.6167,70.27,77.0,78,5.75,0,1611617980
293,Teseney,ER,15.11,36.6575,66.51,66.51,87,11.36,44,1611617980
294,South Sioux City,US,42.4739,-96.4136,19.36,21.2,86,16.11,90,1611617981
295,Wum,CM,6.3833,10.0667,66.34,66.34,27,2.84,2,1611617981
296,City of San Pedro,PH,14.35,121.0167,77.59,80.01,94,2.3,75,1611617981
297,Adrar,MR,20.5022,-10.0711,67.26,67.26,21,9.08,41,1611617981
298,Ýpsonas,CY,34.6884,32.9574,55.4,55.4,82,2.3,75,1611617982
299,Guigue,VE,10.0853,-67.7792,70.83,70.83,86,5.06,95,1611617982
300,Nome,US,64.5011,-165.4064,-0.4,-0.4,78,2.64,75,1611617683
301,Dingle,PH,10.9995,122.6711,75.4,75.4,84,9.64,87,1611617982
302,Grand Gaube,MU,-20.0064,57.6608,75.0,75.0,82,4.0,22,1611617982
303,Burnie,AU,-41.0667,145.9167,67.84,70.0,58,14.0,48,1611617982
304,San Nicola,IT,40.6116,8.991,46.35,50.0,53,14.97,0,1611617983
305,Angoche,MZ,-16.2325,39.9086,77.4,77.4,87,5.57,72,1611617983
306,Levelland,US,33.5873,-102.378,53.28,53.6,30,20.71,20,1611617983
307,Moranbah,AU,-22.0016,148.0466,82.51,82.51,56,10.67,100,1611617984
308,Shizunai-furukawachō,JP,42.3339,142.3669,28.94,28.94,93,13.78,96,1611617984
309,Neuquén,AR,-38.9516,-68.0591,87.8,87.8,13,6.91,0,1611617978
310,Naze,JP,28.3667,129.4833,66.2,66.2,82,9.22,75,1611617691
311,Horsham,GB,51.064,-0.3272,30.99,36.0,80,5.75,0,1611617984
312,Lamar,US,33.6668,-95.5836,62.19,64.0,51,11.5,1,1611617985
313,Payo,ID,-3.7508,103.6372,72.3,72.3,96,2.35,100,1611617985
314,Arandis,NA,-22.4167,14.9667,69.01,69.01,88,4.76,100,1611617985
315,Salym,RU,60.0625,71.4789,-13.2,-13.2,89,10.0,100,1611617985
316,Monte Gordo,PT,37.1819,-7.4523,59.7,60.01,94,5.75,20,1611617986
317,Ørje,NO,59.4802,11.6602,15.93,21.0,91,4.05,98,1611617986
318,Svetlaya,RU,46.5389,138.3297,21.04,21.04,96,3.98,100,1611617986
319,Yulara,AU,-25.2406,130.9889,87.8,87.8,48,1.14,75,1611617986
320,Margate,GB,51.3813,1.3862,35.71,36.0,73,5.01,22,1611617987
321,Grindavik,IS,63.8424,-22.4338,26.6,26.6,59,29.93,75,1611617987
322,Trincomalee,LK,8.5711,81.2335,76.24,76.24,74,12.35,57,1611617987
323,Mwene-Ditu,CD,-7.0,23.45,64.78,64.78,96,0.96,78,1611617987
324,Sumbe,AO,-11.2061,13.8437,76.01,76.01,82,5.46,7,1611617987
325,Mount Gambier,AU,-37.8333,140.7667,62.6,62.6,77,12.66,40,1611617988
326,Olafsvik,IS,64.8945,-23.7142,27.52,27.52,91,30.67,100,1611617988
327,Torbay,CA,47.6666,-52.7314,27.01,28.99,93,8.05,90,1611617988
328,Merta,IN,26.65,74.0333,48.34,48.34,51,5.32,0,1611617988
329,Cidreira,BR,-30.1811,-50.2056,76.41,76.41,84,9.93,47,1611617988
330,Tynda,RU,55.1667,124.7167,-14.62,-14.62,88,3.96,100,1611617846
331,Maragogi,BR,-9.0122,-35.2225,77.41,77.41,83,7.94,100,1611617891
332,Yangi Marg`ilon,UZ,40.4272,71.7189,26.6,26.6,68,4.61,51,1611617989
333,São João da Barra,BR,-21.6403,-41.0511,76.95,76.95,85,15.12,1,1611617989
334,Kloulklubed,PW,7.0419,134.2556,82.4,82.4,78,11.5,75,1611617989
335,Azul,AR,-36.777,-59.8585,91.99,91.99,43,3.0,39,1611617989
336,Guerrero Negro,MX,27.9769,-114.0611,60.3,60.3,57,23.15,52,1611617990
337,Bukachacha,RU,52.9833,116.9167,-14.03,-14.03,85,3.38,100,1611617990
338,Nuevitas,CU,21.5453,-77.2644,75.2,75.2,78,11.5,75,1611617990
339,Dubuque,US,42.4833,-90.8668,23.27,25.0,74,16.11,90,1611617800
340,Kinkala,CG,-4.3614,14.7644,75.2,75.2,88,3.44,100,1611617990
341,Aden,YE,12.7794,45.0367,73.85,73.85,76,14.61,69,1611617867
342,Laas,IT,46.6166,10.7002,24.01,26.01,77,6.46,38,1611617991
343,Rong Kwang,TH,18.339,100.3174,66.99,66.99,62,2.21,0,1611617991
344,Tateyama,JP,34.9833,139.8667,46.08,51.8,71,14.97,75,1611617991
345,Eureka,US,40.8021,-124.1637,45.39,46.99,71,6.62,53,1611617991
346,Bam,IR,29.106,58.357,37.96,37.96,49,1.57,0,1611617992
347,Hervey Bay,AU,-25.2986,152.8535,82.4,82.4,57,8.05,75,1611617992
348,Rujewa,TZ,-8.7,34.3833,65.07,65.07,89,5.57,100,1611617992
349,Lerwick,GB,60.1545,-1.1494,33.8,33.8,75,8.05,41,1611617992
350,Zhigansk,RU,66.7697,123.3711,-56.11,-56.11,63,2.86,58,1611617993
351,Bilma,NE,18.6853,12.9164,58.89,58.89,27,5.55,0,1611617993
352,Toora-Khem,RU,52.4675,96.11,-16.01,-16.01,85,1.41,97,1611617921
353,Richards Bay,ZA,-28.783,32.0377,68.58,68.58,87,6.98,96,1611617993
354,Conceição do Mato Dentro,BR,-19.0372,-43.425,67.24,67.24,93,1.66,39,1611617993
355,Kieta,PG,-6.2167,155.6333,86.88,86.88,57,6.49,55,1611617993
356,Alta Floresta,BR,-9.8756,-56.0861,78.8,78.8,73,2.3,40,1611617994
357,Balsas,BR,-7.5325,-46.0356,79.21,79.21,66,4.63,70,1611617807
358,Konispol,AL,39.6589,20.1814,53.44,59.0,87,3.0,94,1611617994
359,Ukiah,US,39.1502,-123.2078,46.51,48.2,49,14.97,1,1611617994
360,Andrushivka,UA,50.0229,29.0202,35.17,35.17,95,17.6,100,1611617995
361,Coquimbo,CL,-29.9533,-71.3436,66.2,66.2,72,9.22,20,1611617737
362,Maţāy,EG,28.419,30.7792,50.52,50.52,58,7.81,0,1611617995
363,La Palma,US,33.8464,-118.0467,53.62,55.4,54,24.16,40,1611617995
364,Tyukhtet,RU,56.5389,89.3011,-30.1,-30.1,85,0.43,100,1611617995
365,Sitka,US,57.0531,-135.33,35.6,35.6,80,2.44,40,1611617996
366,North Bend,US,43.4065,-124.2243,42.85,44.6,81,4.61,90,1611617996
367,Iskateley,RU,67.6803,53.1512,-5.13,-5.13,92,16.4,100,1611617996
368,Pilar,BR,-9.5972,-35.9567,77.0,77.0,83,12.66,75,1611617996
369,Batagay-Alyta,RU,67.8006,130.4114,-34.53,-34.53,82,1.63,96,1611617997
370,Makar'yev,RU,57.8797,43.8069,28.81,28.81,98,6.44,100,1611617997
371,Avera,US,33.194,-82.5271,63.23,69.8,78,6.91,1,1611617997
372,Bilibino,RU,68.0546,166.4372,-28.68,-28.68,82,1.54,89,1611617997
373,Viedma,AR,-40.8135,-62.9967,69.49,69.49,33,15.3,0,1611617998
374,San Patricio,US,28.017,-97.5169,78.8,80.6,54,9.22,1,1611617998
375,Makakilo City,US,21.3469,-158.0858,77.11,80.6,69,9.22,90,1611617998
376,Arlit,NE,18.7369,7.3853,61.68,61.68,22,6.08,0,1611617998
377,Nova Russas,BR,-4.7067,-40.5631,76.51,76.51,81,3.02,100,1611617780
378,Skibbereen,IE,51.55,-9.2667,41.0,41.0,81,9.22,75,1611617998
379,Sertânia,BR,-8.0736,-37.2644,75.36,75.36,64,12.24,96,1611617999
380,Andenes,NO,69.3143,16.1194,22.69,25.0,86,10.36,14,1611617999
381,Arrondissement de Saint-Denis,FR,48.9167,2.3333,32.79,35.01,86,5.75,37,1611617999
382,Tautira,PF,-17.7333,-149.15,86.9,87.8,58,6.91,40,1611617999
383,Russell,US,32.3502,-85.1999,71.19,73.4,53,9.22,1,1611618000
384,Sibay,RU,52.7181,58.6658,26.64,26.64,96,8.93,98,1611618000
385,Miajadas,ES,39.1513,-5.9084,55.0,55.0,92,8.99,99,1611618000
386,Merritt Island,US,28.5392,-80.672,71.67,72.0,75,4.0,70,1611617914
387,Tulun,RU,54.5611,100.5792,-19.03,-19.03,87,3.76,100,1611618001
388,Ha Giang,VN,22.8333,104.9833,66.38,66.38,85,2.51,97,1611618001
389,Ejido,VE,8.5514,-71.2375,66.94,66.94,68,0.49,94,1611618001
390,Ulladulla,AU,-35.35,150.4667,89.42,93.0,27,14.97,55,1611618002
391,Baykit,RU,61.67,96.37,-40.34,-40.34,74,1.23,26,1611618002
392,Quattro Castella,IT,44.635,10.4743,34.92,41.0,80,7.34,1,1611618002
393,Walvis Bay,NA,-22.9575,14.5053,67.5,69.01,82,6.91,100,1611618002
394,Jardim,BR,-21.4803,-56.1381,73.58,73.58,92,4.09,100,1611618003
395,Beibei,CN,29.8256,106.4339,46.2,46.4,87,2.24,90,1611618003
396,Lashio,MM,22.9333,97.75,48.06,48.06,91,1.3,0,1611618003
397,Taoudenni,ML,22.6783,-3.9836,70.2,70.2,20,9.95,85,1611618004
398,Waipawa,NZ,-41.4122,175.5153,72.52,73.99,64,19.57,1,1611618004
399,Manaus,BR,-3.1019,-60.025,80.6,80.6,83,4.61,20,1611618004
400,Arrondissement de Dieppe,FR,49.75,1.1667,32.95,35.01,88,6.46,52,1611618004
401,Strezhevoy,RU,60.7333,77.5889,-40.0,-40.0,74,11.18,84,1611618005
402,Pisco,PE,-13.7,-76.2167,71.92,73.4,68,21.85,40,1611618005
403,Souillac,MU,-20.5167,57.5167,71.6,71.6,94,6.91,20,1611618005
404,Kaeo,NZ,-35.1,173.7833,82.99,82.99,51,8.99,9,1611618005
405,Boden,SE,65.8252,21.6886,6.8,6.8,85,12.66,90,1611618005
406,Bathsheba,BB,13.2167,-59.5167,77.0,77.0,73,16.11,20,1611618006
407,Ayagoz,KZ,47.9714,80.4392,2.66,2.66,90,8.32,100,1611618006
408,Indramayu,ID,-6.3264,108.32,78.48,78.48,82,6.31,75,1611618006
409,St. George's,GD,12.0564,-61.7485,78.8,78.8,78,14.97,20,1611618006
410,Semey,KZ,50.4111,80.2275,10.4,10.4,85,8.95,75,1611618006
411,Isangel,VU,-19.55,169.2667,82.4,82.4,83,9.22,90,1611618007
412,Beloha,MG,-25.1667,45.05,73.44,73.44,86,8.93,17,1611618007
413,Meadow Lake,US,34.8014,-106.5436,39.92,42.01,48,19.57,75,1611618007
414,Taltal,CL,-25.4,-70.4833,66.43,66.43,71,5.35,29,1611618008
415,Hokitika,NZ,-42.7167,170.9667,66.33,66.33,63,4.81,9,1611618008
416,Sittwe,MM,20.15,92.9,61.77,61.77,54,8.66,0,1611618008
417,Jining,CN,35.405,116.5814,34.05,34.05,88,8.28,36,1611618008
418,Dongsheng,CN,39.8161,109.9776,14.7,14.7,75,13.65,33,1611618009
419,Luhačovice,CZ,49.0998,17.7575,30.67,30.99,88,2.91,57,1611618009
420,Kushiro,JP,42.975,144.3747,14.0,14.0,62,2.3,75,1611617892
421,Salamanca,ES,40.8333,-6.0,46.96,51.01,10,9.82,100,1611617774
422,Iquitos,PE,-3.7481,-73.2472,84.2,84.2,74,1.81,75,1611618010
423,Campo Largo,BR,-25.4586,-49.5283,66.97,68.0,94,3.44,40,1611617838
424,Lębork,PL,54.5392,17.7501,32.43,35.01,93,10.36,90,1611617753
425,Shache,CN,38.4167,77.2406,17.94,17.94,90,0.49,3,1611618010
426,Teya,RU,60.3778,92.6267,-45.22,-45.22,74,0.29,43,1611618010
427,De-Kastri,RU,51.4667,140.7833,-7.56,-7.56,85,3.42,63,1611618011
428,Rūdbār,AF,30.15,62.6,41.58,41.58,47,4.05,0,1611618011
429,Port Elizabeth,ZA,-33.918,25.5701,64.4,64.4,94,5.75,0,1611618011
430,Khovu-Aksy,RU,51.1333,93.6,-9.31,-9.31,85,2.1,100,1611618012
431,Carutapera,BR,-1.195,-46.02,76.82,76.82,90,5.28,100,1611618012
432,Buraidah,SA,26.326,43.975,53.6,53.6,43,3.44,0,1611618012
433,Coruripe,BR,-10.1256,-36.1756,77.25,77.25,81,9.04,98,1611618012
434,Skibotn,NO,69.3913,20.2679,14.86,17.01,92,10.51,20,1611618012
435,Grand-Lahou,CI,5.1367,-5.0242,78.28,78.28,86,7.94,1,1611618013
436,Ormara,PK,25.2088,64.6357,64.44,64.44,33,6.85,0,1611618013
437,Snezhnogorsk,RU,69.1933,33.2531,23.0,23.0,93,4.47,90,1611618013
438,Chernyshevskiy,RU,63.0128,112.4714,-45.24,-45.24,81,1.32,36,1611618013
439,Ola,RU,59.5833,151.2833,-8.09,-8.09,82,15.08,97,1611618013
440,Troitskiy,RU,57.0603,63.7481,29.77,29.77,98,10.85,100,1611618014
441,Mogoytuy,RU,51.2833,114.9167,-10.3,-10.3,84,8.88,87,1611618014
442,Beaverlodge,CA,55.2166,-119.4361,3.2,3.2,85,6.91,75,1611618014
443,Goderich,CA,43.7501,-81.7165,28.4,28.4,86,2.3,98,1611618014
444,Rupert,US,42.6191,-113.6772,35.6,35.6,51,9.22,75,1611618014
445,Zonguldak,TR,41.25,31.8333,40.14,40.14,84,5.97,74,1611618015
446,Bonavista,CA,48.6499,-53.1147,27.81,30.0,93,4.61,100,1611618015
447,Santa Cruz Cabrália,BR,-16.2781,-39.0247,78.8,78.8,73,9.22,40,1611618015
448,Bubaque,GW,11.2833,-15.8333,79.09,79.09,71,10.96,0,1611618015
449,Dali,CN,25.7,100.1833,38.55,38.55,76,3.09,0,1611618015
450,Tefé,BR,-3.3542,-64.7114,80.6,80.6,83,3.44,20,1611618016
451,Pak Phanang,TH,8.3511,100.202,75.2,75.2,100,1.14,40,1611618016
452,Hasaki,JP,35.7333,140.8333,36.91,39.0,93,5.75,40,1611618016
453,Mount Isa,AU,-20.7333,139.5,87.8,87.8,48,4.61,75,1611618016
454,Bandarbeyla,SO,9.4942,50.8122,73.11,73.11,70,20.11,77,1611618016
455,Altay,CN,47.8667,88.1167,-1.34,-1.34,80,1.14,100,1611618017
456,Opuwo,NA,-18.0607,13.84,67.12,67.12,77,4.45,59,1611618017
457,Dawlatabad,AF,36.4141,64.9053,34.41,34.41,79,2.51,0,1611618017
458,Adiaké,CI,5.2863,-3.304,80.6,80.6,94,4.61,5,1611618017
459,College,US,64.8569,-147.8028,-2.99,-0.4,77,2.19,40,1611618017
460,Hirara,JP,24.8,125.2833,65.14,66.2,82,2.3,40,1611618017
461,Saravan,AM,39.7196,45.6483,8.6,8.6,85,4.61,15,1611618018
462,Kālka,IN,30.8344,76.9333,48.09,48.09,60,3.06,0,1611618018
463,Touros,BR,-5.1989,-35.4608,78.8,78.8,83,6.91,40,1611618018
464,Yenagoa,NG,4.9247,6.2642,77.9,77.9,81,3.74,31,1611618018
465,Sardārshahr,IN,28.4333,74.4833,53.19,53.19,43,3.65,0,1611618018
466,Nouadhibou,MR,20.931,-17.0347,68.0,68.0,68,17.27,0,1611618019
467,Polson,US,47.6936,-114.1632,34.0,34.0,59,1.1,100,1611618019
468,Rocha,UY,-34.4833,-54.3333,72.52,72.52,85,7.16,6,1611618019
469,Safi,MA,32.2994,-9.2372,58.78,58.78,78,14.14,0,1611618019
470,Omboué,GA,-1.5746,9.2618,78.24,78.24,85,3.87,98,1611618019
471,Bariloche,AR,-41.1456,-71.3082,59.0,59.0,44,24.16,20,1611618020
472,Ulaangom,MN,49.9811,92.0667,-10.01,-10.01,81,2.68,100,1611618020
473,Shenjiamen,CN,29.9576,122.298,48.43,48.43,95,13.67,100,1611618020
474,Pimentel,PE,-6.8367,-79.9342,75.2,75.2,69,19.57,0,1611618020
475,Sept-Îles,CA,50.2001,-66.3821,35.33,35.6,55,9.22,100,1611618020
476,Lillooet,CA,50.6856,-121.942,34.07,35.6,64,1.43,90,1611618020
477,Umm Hājar,TD,13.2954,19.6966,72.28,72.28,21,11.12,73,1611618007
478,Belyy Yar,RU,53.6039,91.3903,-31.0,-31.0,75,3.24,88,1611618021
479,Olinda,BR,-8.0089,-34.8553,78.8,78.8,69,12.66,40,1611617993
480,Norwich,GB,52.6278,1.2983,35.31,36.0,80,13.8,26,1611617735
481,Arrondissement de Gap,FR,44.6667,6.0,26.01,26.01,83,10.0,61,1611618021
482,Cayenne,GF,4.9333,-52.3333,77.0,77.0,100,2.3,75,1611618021
483,Havøysund,NO,70.9963,24.6622,19.4,19.4,73,16.11,75,1611618022
484,Port Hawkesbury,CA,45.6169,-61.3485,32.0,32.0,100,18.41,90,1611618022
485,Raudeberg,NO,61.9875,5.1352,33.01,33.01,94,7.87,100,1611618022
486,Maceió,BR,-9.6658,-35.7353,77.0,77.0,83,12.66,75,1611618022
487,Puerto Nariño,CO,-3.7703,-70.3831,84.2,84.2,84,3.44,40,1611618022
488,Inhambane,MZ,-23.865,35.3833,79.12,79.12,88,7.92,100,1611618023
489,Neturhāt,IN,23.4833,84.2667,45.1,45.1,76,1.5,0,1611618023
490,Namwala,ZM,-15.7504,26.4384,65.16,65.16,97,2.95,100,1611618023
491,Hanmer Springs,NZ,-42.5167,172.8167,86.22,86.22,24,9.98,0,1611618023
492,Dakar,SN,14.6937,-17.4441,66.2,66.2,77,11.5,0,1611617776
493,Eyl,SO,7.9803,49.8164,71.11,71.11,72,15.99,13,1611618023
494,Tamworth,GB,52.634,-1.6959,29.93,32.0,86,4.61,0,1611617729
495,Pimenta Bueno,BR,-11.6725,-61.1936,75.38,75.38,89,2.98,94,1611618024
496,Were Īlu,ET,10.6,39.4333,48.81,48.81,51,7.23,27,1611618024
497,Agüimes,ES,27.9054,-15.4461,64.22,64.4,72,19.57,75,1611618024
498,Cerritos,US,33.8583,-118.0648,53.87,55.99,54,24.16,40,1611618024
499,Paamiut,GL,61.994,-49.6678,22.37,22.37,83,9.73,100,1611618024
500,Sarangani,PH,5.4033,125.4636,81.61,81.61,75,11.54,94,1611618025
501,Yaring,TH,6.8662,101.3689,74.61,74.61,84,8.1,46,1611618025
502,Padang,ID,-0.9492,100.3543,75.2,75.2,94,2.3,75,1611618025
503,Kallífytos,GR,41.1667,24.2167,51.01,51.01,72,1.61,50,1611618025
504,Dolisie,CG,-4.1997,12.6739,72.46,72.46,91,1.9,100,1611618026
505,Deputatsky,RU,69.3,139.9,-42.34,-42.34,82,1.81,67,1611618026
506,Pozo Colorado,PY,-23.4923,-58.7972,82.44,82.44,68,7.63,78,1611618026
507,Vanimo,PG,-2.6741,141.3028,82.96,82.96,76,1.41,75,1611618026
508,Phan Thiet,VN,10.9333,108.1,72.52,72.52,77,3.71,84,1611618026
509,Rusape,ZW,-18.5278,32.1284,61.48,61.48,87,5.55,100,1611618026
510,Portland,US,45.5234,-122.6762,41.52,44.01,70,1.57,75,1611617825
511,Serowe,BW,-22.3833,26.7167,66.99,66.99,92,10.92,100,1611618027
512,Pacific Grove,US,36.6177,-121.9166,49.96,51.8,58,23.02,40,1611618027
513,Dzierżoniów,PL,50.7282,16.6514,30.42,32.0,33,7.0,69,1611618027
514,Cap Malheureux,MU,-19.9842,57.6142,75.0,75.0,82,4.0,10,1611618027
515,Iralaya,HN,15.0,-83.2333,78.78,78.78,81,11.01,84,1611618027
516,Brigantine,US,39.4101,-74.3646,35.2,36.0,41,3.44,90,1611618028
517,Madang,PG,-5.2246,145.7966,85.42,85.42,67,2.84,76,1611618028
518,Byron Bay,AU,-28.65,153.6167,80.6,80.6,61,9.22,40,1611618028
519,Eaglesfield,GB,54.6406,-3.4044,35.01,35.01,92,1.01,46,1611618028
520,Boueni,YT,-12.9025,45.0761,77.0,77.0,88,3.44,0,1611618028
521,Amalāpuram,IN,16.5833,82.0167,64.38,64.38,94,1.74,62,1611618028
522,Timberlake,US,37.3207,-79.2575,33.78,35.6,87,8.05,90,1611618029
523,Devonport,AU,-41.1667,146.35,69.55,70.0,50,15.01,51,1611618023
524,Xilópolis,GR,40.9271,23.1794,51.67,52.0,50,4.0,84,1611618029
525,Banjar,ID,-8.19,114.9675,78.8,78.8,83,5.75,40,1611618029
526,Harper,LR,4.375,-7.7169,78.1,78.1,86,7.02,0,1611618029
527,Anchorage,US,61.2181,-149.9003,21.52,21.99,86,5.75,90,1611617851
528,Imeni Zhelyabova,RU,58.9544,36.5956,33.82,33.82,97,7.72,100,1611618030
529,Marzuq,YE,14.4,46.4667,52.93,52.93,36,2.04,17,1611618030
530,Akashi,JP,34.6333,134.9833,46.6,50.0,71,16.11,75,1611618030
531,Udachny,RU,66.4167,112.4,-38.67,-38.67,80,1.5,73,1611618030
532,Mahibadhoo,MV,3.7833,72.9667,81.07,81.07,78,16.2,95,1611618031
533,Plouzané,FR,48.3833,-4.6167,36.21,37.4,87,6.91,0,1611618031
534,São José da Coroa Grande,BR,-8.8978,-35.1478,77.58,77.58,82,7.99,99,1611618031
535,Riyadh,SA,24.6877,46.7219,51.6,53.6,20,8.05,0,1611617977
536,Kawerau,NZ,-38.1,176.7,88.68,91.99,32,1.01,2,1611618032
537,Maniitsoq,GL,65.4167,-52.9,12.6,12.6,79,5.86,6,1611618032
538,Puerto Suárez,BO,-18.95,-57.8,73.4,73.4,100,1.92,90,1611618032
539,Krasnosel'kup,RU,65.7,82.4667,-35.45,-35.45,81,11.14,100,1611618032
540,Kłobuck,PL,50.9008,18.9367,30.99,30.99,92,10.18,100,1611618032
541,Qaqortoq,GL,60.7167,-46.0333,26.6,26.6,26,28.77,5,1611618033
542,Sørland,NO,67.667,12.6934,37.42,37.42,80,23.98,100,1611618033
543,Port-Gentil,GA,-0.7193,8.7815,81.23,81.23,80,10.4,65,1611618033
544,Kavaratti,IN,10.5669,72.642,81.16,81.16,71,10.71,13,1611618033
545,Charter Township of Clinton,US,42.587,-82.9199,30.56,30.99,93,8.05,90,1611618004
546,Nortelândia,BR,-14.4547,-56.8028,76.05,76.05,82,2.26,98,1611618034
547,Samarai,PG,-10.6167,150.6667,85.24,85.24,67,4.45,55,1611618034
548,Myitkyina,MM,25.3833,97.4,54.36,54.36,73,2.77,0,1611618034
549,Tocopilla,CL,-22.092,-70.1979,69.6,69.6,67,11.92,12,1611618034
550,Porto-Novo,BJ,6.4965,2.6036,79.21,79.21,76,7.02,90,1611618034
551,Gainesville,US,29.6516,-82.3248,70.86,72.0,73,10.36,1,1611618035
552,Evensk,RU,61.95,159.2333,-1.34,-1.34,82,14.76,100,1611618035
553,Dalbandin,PK,28.8947,64.4101,40.42,40.42,47,5.48,0,1611618035
554,Nianzishan,CN,47.5167,122.8833,-2.9,-2.9,87,3.47,0,1611618035
555,Menongue,AO,-14.6585,17.691,67.41,67.41,69,2.48,72,1611618035
556,Adelaide,AU,-34.9333,138.6,67.69,71.01,68,12.66,75,1611617873
557,Taksimo,RU,56.3444,114.8794,-11.7,-11.7,84,3.33,100,1611618036
558,Santa María Chiquimula,GT,15.0303,-91.3292,66.07,75.2,63,6.91,0,1611618036
559,Alenquer,BR,-1.9417,-54.7383,75.2,75.2,100,3.44,20,1611618036
560,Constitución,CL,-35.3333,-72.4167,60.08,60.08,61,16.8,0,1611618036
561,Boddam,GB,57.4667,-1.7833,33.6,35.01,86,9.22,32,1611618037
562,Lompoc,US,34.6391,-120.4579,48.25,51.8,58,23.02,40,1611618037
563,Morondava,MG,-20.2833,44.2833,81.21,81.21,83,4.05,52,1611618037
564,Mokrousovo,RU,55.8103,66.7653,26.73,26.73,98,12.06,100,1611618037
565,Água Branca,BR,-5.8922,-42.6361,73.87,73.87,89,2.33,57,1611618037
566,Khorinsk,RU,52.1657,109.7726,-8.95,-8.95,84,5.93,100,1611618038
567,Warangal,IN,18.0,79.5833,63.59,63.59,80,4.54,27,1611618038
568,Edgewater,US,28.9889,-80.9023,71.6,73.4,83,13.8,40,1611618038
569,Arkhangelsk,RU,64.5401,40.5433,35.6,35.6,93,6.71,90,1611618038
570,Aranos,NA,-24.1333,19.1167,77.34,77.34,52,2.39,92,1611618038
